Alpha,Energy,Energy2,Variance,AcceptRatio,ElapsedTimeMS
0.2,2.19367,6.517,1.70481,0.996217,4305
0.3,1.70798,3.35479,0.437613,0.993114,4305
0.4,1.54022,2.44971,0.0774381,0.989438,4305
0.5,1.5,2.25,0,0.985237,4305
0.6,1.52342,2.37226,0.051449,0.980658,4305
0.7,1.58165,2.6809,0.179299,0.975821,4305
0.8,1.66169,3.12564,0.364422,0.970613,4305
0.9,1.75725,3.6853,0.597362,0.965076,4305
