Alpha,Energy,Energy2,Variance,AcceptRatio,ElapsedTimeMS
0.2,487.502,241415,3756.46,1,117954
0.3,578.478,336070,1432.92,1,117954
0.4,670.157,449540,429.063,1,117954
0.5,750,562500,0,1,117954
0.6,824.839,680742,381.991,1,117954
0.7,898.656,809025,1441.84,1,117954
0.8,958.783,921898,2633.97,0.999999,117954
0.9,1024.78,1.05483e+06,4649.88,1,117954
