Alpha,Energy,Energy2,Variance,AcceptRatio,ElapsedTimeMS
0.2,473.308,227021,3000.22,1,117858
0.3,576.776,334294,1623.36,0.999999,117858
0.4,671.379,451155,405.076,1,117858
0.5,750,562500,0,1,117858
0.6,822.297,676524,352.144,1,117858
0.7,895.199,802530,1148.61,0.999999,117858
0.8,963.107,929686,2109.89,1,117858
0.9,1022.12,1.04961e+06,4875.28,0.999999,117858
