Alpha,Energy,Energy2,Variance,AcceptRatio,ElapsedTimeMS
0.2,218.703,47996.1,164.939,0.996334,26211
0.3,170.537,29128.4,45.6077,0.993214,26211
0.4,153.834,23672.6,7.76846,0.989727,26211
0.5,150,22500,0,0.98553,26211
0.6,152.336,23211.4,5.0691,0.981099,26211
0.7,158.371,25098.6,17.252,0.976129,26211
0.8,166.685,27819.2,35.4367,0.970922,26211
0.9,176.501,31209.1,56.6429,0.96528,26211
