Alpha,Energy,Energy2,Variance,AcceptRatio,ElapsedTimeMS
0.2,21.8401,493.882,16.8906,0.996244,6181
0.3,17.0314,294.416,4.34755,0.993108,6181
0.4,15.3855,237.491,0.776881,0.989661,6181
0.5,15,225,0,0.985327,6181
0.6,15.2411,232.799,0.50734,0.981111,6181
0.7,15.8561,253.178,1.76213,0.976098,6181
0.8,16.6488,280.815,3.63425,0.970696,6181
0.9,17.6664,317.93,5.82763,0.965194,6181
